"id","revenue"
3001,15
3002,15
3003,18
3004,17
3005,14
3006,18
3007,17
3008,18
3009,18
3010,20
3011,14
3012,17
3013,17
3014,14
3015,19
3016,15
3017,20
3018,19
3019,18
3020,20
3021,19
3022,19
3023,17
3024,19
3025,17
3026,19
3027,17
3028,20
3029,14
3030,19
3031,17
3032,16
3033,7
3034,14
3035,18
3036,16
3037,19
3038,18
3039,18
3040,16
3041,18
3042,17
3043,18
3044,16
3045,21
3046,16
3047,18
3048,18
3049,19
3050,19
3051,6
3052,18
3053,15
3054,15
3055,19
3056,15
3057,19
3058,20
3059,15
3060,19
3061,18
3062,18
3063,19
3064,18
3065,19
3066,20
3067,17
3068,19
3069,20
3070,17
3071,17
3072,20
3073,15
3074,14
3075,18
3076,20
3077,17
3078,20
3079,18
3080,19
3081,18
3082,18
3083,17
3084,7
3085,16
3086,19
3087,15
3088,15
3089,14
3090,19
3091,18
3092,17
3093,20
3094,19
3095,19
3096,17
3097,21
3098,17
3099,19
3100,18
3101,19
3102,17
3103,16
3104,17
3105,19
3106,18
3107,19
3108,16
3109,18
3110,20
3111,16
3112,16
3113,16
3114,17
3115,18
3116,17
3117,16
3118,17
3119,20
3120,19
3121,16
3122,16
3123,18
3124,18
3125,15
3126,19
3127,18
3128,19
3129,20
3130,18
3131,17
3132,16
3133,16
3134,19
3135,16
3136,17
3137,18
3138,16
3139,18
3140,19
3141,17
3142,14
3143,19
3144,18
3145,19
3146,15
3147,18
3148,17
3149,19
3150,20
3151,17
3152,18
3153,17
3154,16
3155,17
3156,17
3157,17
3158,20
3159,18
3160,18
3161,16
3162,18
3163,19
3164,17
3165,14
3166,15
3167,19
3168,14
3169,19
3170,17
3171,18
3172,18
3173,14
3174,16
3175,18
3176,19
3177,19
3178,16
3179,16
3180,17
3181,14
3182,20
3183,18
3184,18
3185,19
3186,19
3187,17
3188,17
3189,19
3190,19
3191,16
3192,16
3193,20
3194,19
3195,15
3196,19
3197,18
3198,20
3199,20
3200,17
3201,17
3202,15
3203,15
3204,18
3205,16
3206,18
3207,19
3208,18
3209,14
3210,21
3211,15
3212,19
3213,18
3214,16
3215,16
3216,17
3217,21
3218,17
3219,15
3220,19
3221,18
3222,15
3223,19
3224,7
3225,18
3226,18
3227,19
3228,20
3229,19
3230,17
3231,18
3232,18
3233,17
3234,16
3235,19
3236,14
3237,18
3238,16
3239,14
3240,21
3241,15
3242,15
3243,18
3244,15
3245,16
3246,18
3247,18
3248,19
3249,18
3250,20
3251,17
3252,18
3253,19
3254,16
3255,13
3256,18
3257,18
3258,19
3259,18
3260,15
3261,21
3262,18
3263,15
3264,16
3265,14
3266,14
3267,18
3268,14
3269,19
3270,19
3271,16
3272,18
3273,17
3274,20
3275,17
3276,16
3277,15
3278,19
3279,18
3280,20
3281,15
3282,16
3283,20
3284,18
3285,19
3286,16
3287,18
3288,16
3289,18
3290,19
3291,17
3292,20
3293,18
3294,17
3295,17
3296,15
3297,15
3298,19
3299,16
3300,18
3301,15
3302,18
3303,18
3304,17
3305,19
3306,14
3307,18
3308,18
3309,16
3310,17
3311,15
3312,17
3313,19
3314,18
3315,19
3316,18
3317,17
3318,15
3319,17
3320,18
3321,17
3322,18
3323,20
3324,15
3325,19
3326,20
3327,19
3328,17
3329,16
3330,20
3331,18
3332,19
3333,19
3334,15
3335,18
3336,18
3337,14
3338,18
3339,15
3340,19
3341,18
3342,17
3343,19
3344,13
3345,17
3346,18
3347,15
3348,18
3349,19
3350,20
3351,19
3352,15
3353,19
3354,16
3355,17
3356,16
3357,15
3358,18
3359,17
3360,18
3361,19
3362,18
3363,16
3364,18
3365,14
3366,19
3367,20
3368,16
3369,19
3370,19
3371,18
3372,18
3373,18
3374,18
3375,19
3376,17
3377,18
3378,15
3379,19
3380,19
3381,17
3382,15
3383,17
3384,18
3385,19
3386,15
3387,15
3388,19
3389,21
3390,18
3391,17
3392,18
3393,17
3394,19
3395,20
3396,16
3397,14
3398,20
3399,19
3400,16
3401,15
3402,15
3403,18
3404,18
3405,17
3406,20
3407,20
3408,18
3409,14
3410,18
3411,19
3412,18
3413,18
3414,15
3415,17
3416,18
3417,19
3418,18
3419,20
3420,15
3421,18
3422,17
3423,20
3424,15
3425,16
3426,18
3427,18
3428,16
3429,17
3430,20
3431,16
3432,16
3433,16
3434,18
3435,20
3436,19
3437,16
3438,18
3439,19
3440,19
3441,19
3442,16
3443,15
3444,17
3445,19
3446,14
3447,18
3448,16
3449,16
3450,19
3451,17
3452,18
3453,19
3454,18
3455,16
3456,20
3457,18
3458,17
3459,21
3460,17
3461,18
3462,16
3463,18
3464,14
3465,18
3466,19
3467,18
3468,19
3469,17
3470,13
3471,19
3472,13
3473,19
3474,18
3475,20
3476,18
3477,16
3478,17
3479,20
3480,17
3481,16
3482,15
3483,16
3484,17
3485,19
3486,19
3487,19
3488,19
3489,18
3490,18
3491,18
3492,16
3493,18
3494,17
3495,19
3496,18
3497,19
3498,18
3499,18
3500,16
3501,19
3502,19
3503,18
3504,19
3505,16
3506,20
3507,20
3508,18
3509,18
3510,18
3511,18
3512,20
3513,17
3514,16
3515,14
3516,19
3517,20
3518,18
3519,18
3520,15
3521,15
3522,18
3523,19
3524,19
3525,20
3526,18
3527,19
3528,15
3529,20
3530,17
3531,18
3532,19
3533,18
3534,18
3535,20
3536,15
3537,19
3538,19
3539,19
3540,17
3541,17
3542,18
3543,15
3544,18
3545,14
3546,17
3547,19
3548,20
3549,16
3550,20
3551,19
3552,18
3553,18
3554,20
3555,20
3556,19
3557,17
3558,20
3559,17
3560,16
3561,19
3562,16
3563,17
3564,16
3565,15
3566,18
3567,16
3568,17
3569,20
3570,16
3571,18
3572,20
3573,17
3574,19
3575,16
3576,18
3577,17
3578,18
3579,19
3580,19
3581,18
3582,20
3583,15
3584,18
3585,19
3586,17
3587,17
3588,15
3589,18
3590,18
3591,20
3592,15
3593,16
3594,10
3595,18
3596,17
3597,17
3598,19
3599,16
3600,17
3601,15
3602,15
3603,17
3604,17
3605,18
3606,16
3607,19
3608,20
3609,16
3610,19
3611,16
3612,17
3613,18
3614,20
3615,18
3616,18
3617,18
3618,19
3619,6
3620,20
3621,20
3622,20
3623,19
3624,14
3625,17
3626,19
3627,19
3628,21
3629,16
3630,14
3631,19
3632,17
3633,19
3634,16
3635,17
3636,19
3637,14
3638,18
3639,19
3640,20
3641,18
3642,18
3643,18
3644,16
3645,18
3646,17
3647,17
3648,16
3649,18
3650,17
3651,20
3652,17
3653,20
3654,19
3655,17
3656,19
3657,15
3658,16
3659,19
3660,20
3661,17
3662,19
3663,20
3664,15
3665,17
3666,18
3667,19
3668,18
3669,15
3670,19
3671,18
3672,18
3673,20
3674,18
3675,20
3676,19
3677,16
3678,18
3679,18
3680,14
3681,12
3682,19
3683,14
3684,19
3685,19
3686,18
3687,19
3688,17
3689,15
3690,19
3691,15
3692,15
3693,20
3694,20
3695,19
3696,18
3697,17
3698,19
3699,17
3700,17
3701,19
3702,12
3703,19
3704,19
3705,16
3706,19
3707,15
3708,15
3709,20
3710,19
3711,17
3712,18
3713,16
3714,14
3715,18
3716,16
3717,15
3718,18
3719,19
3720,18
3721,14
3722,18
3723,17
3724,18
3725,18
3726,17
3727,19
3728,20
3729,17
3730,20
3731,20
3732,17
3733,20
3734,20
3735,16
3736,18
3737,18
3738,13
3739,16
3740,16
3741,17
3742,19
3743,18
3744,20
3745,19
3746,20
3747,14
3748,17
3749,17
3750,15
3751,17
3752,15
3753,17
3754,19
3755,19
3756,18
3757,20
3758,19
3759,15
3760,19
3761,18
3762,20
3763,18
3764,19
3765,17
3766,16
3767,18
3768,16
3769,15
3770,18
3771,19
3772,18
3773,18
3774,18
3775,20
3776,19
3777,14
3778,15
3779,18
3780,16
3781,19
3782,14
3783,18
3784,16
3785,20
3786,17
3787,20
3788,21
3789,18
3790,15
3791,17
3792,15
3793,16
3794,14
3795,20
3796,16
3797,17
3798,18
3799,18
3800,15
3801,19
3802,17
3803,17
3804,15
3805,15
3806,18
3807,17
3808,14
3809,18
3810,17
3811,19
3812,16
3813,12
3814,15
3815,19
3816,20
3817,19
3818,19
3819,18
3820,20
3821,18
3822,15
3823,16
3824,16
3825,18
3826,20
3827,19
3828,16
3829,14
3830,19
3831,6
3832,20
3833,19
3834,18
3835,15
3836,15
3837,18
3838,16
3839,17
3840,19
3841,17
3842,16
3843,19
3844,17
3845,13
3846,15
3847,16
3848,18
3849,19
3850,16
3851,19
3852,14
3853,20
3854,15
3855,15
3856,19
3857,20
3858,14
3859,18
3860,18
3861,18
3862,17
3863,19
3864,19
3865,20
3866,17
3867,18
3868,17
3869,19
3870,19
3871,20
3872,17
3873,16
3874,16
3875,19
3876,12
3877,18
3878,20
3879,21
3880,17
3881,14
3882,16
3883,14
3884,19
3885,15
3886,19
3887,18
3888,16
3889,16
3890,20
3891,15
3892,18
3893,20
3894,19
3895,18
3896,19
3897,18
3898,18
3899,20
3900,18
3901,15
3902,16
3903,17
3904,17
3905,17
3906,19
3907,17
3908,18
3909,15
3910,18
3911,14
3912,17
3913,19
3914,18
3915,20
3916,15
3917,17
3918,16
3919,19
3920,18
3921,17
3922,18
3923,19
3924,18
3925,20
3926,18
3927,19
3928,19
3929,19
3930,15
3931,15
3932,18
3933,17
3934,19
3935,7
3936,16
3937,20
3938,17
3939,18
3940,15
3941,17
3942,20
3943,21
3944,18
3945,18
3946,17
3947,19
3948,17
3949,18
3950,17
3951,18
3952,19
3953,19
3954,20
3955,18
3956,19
3957,17
3958,16
3959,16
3960,17
3961,19
3962,18
3963,17
3964,21
3965,19
3966,17
3967,20
3968,19
3969,18
3970,18
3971,17
3972,19
3973,19
3974,15
3975,20
3976,19
3977,19
3978,20
3979,17
3980,16
3981,14
3982,17
3983,18
3984,19
3985,17
3986,21
3987,19
3988,17
3989,17
3990,16
3991,16
3992,15
3993,17
3994,19
3995,19
3996,18
3997,18
3998,20
3999,18
4000,18
4001,17
4002,19
4003,14
4004,19
4005,14
4006,19
4007,15
4008,17
4009,18
4010,14
4011,16
4012,20
4013,20
4014,16
4015,19
4016,18
4017,17
4018,19
4019,20
4020,17
4021,20
4022,19
4023,20
4024,19
4025,16
4026,19
4027,19
4028,15
4029,15
4030,17
4031,19
4032,15
4033,14
4034,17
4035,19
4036,17
4037,18
4038,16
4039,18
4040,15
4041,15
4042,19
4043,15
4044,19
4045,17
4046,17
4047,20
4048,16
4049,6
4050,16
4051,21
4052,16
4053,15
4054,15
4055,15
4056,17
4057,14
4058,18
4059,16
4060,19
4061,20
4062,18
4063,17
4064,19
4065,19
4066,18
4067,18
4068,17
4069,18
4070,18
4071,18
4072,18
4073,20
4074,8
4075,17
4076,17
4077,20
4078,16
4079,19
4080,17
4081,18
4082,20
4083,18
4084,14
4085,16
4086,20
4087,17
4088,18
4089,18
4090,15
4091,17
4092,18
4093,19
4094,18
4095,20
4096,18
4097,18
4098,17
4099,15
4100,19
4101,19
4102,15
4103,19
4104,17
4105,15
4106,17
4107,16
4108,19
4109,15
4110,18
4111,17
4112,17
4113,16
4114,20
4115,15
4116,18
4117,13
4118,18
4119,19
4120,16
4121,15
4122,19
4123,16
4124,19
4125,17
4126,15
4127,17
4128,18
4129,16
4130,18
4131,19
4132,19
4133,19
4134,17
4135,18
4136,21
4137,17
4138,18
4139,17
4140,15
4141,16
4142,18
4143,19
4144,15
4145,17
4146,16
4147,15
4148,18
4149,17
4150,16
4151,15
4152,18
4153,18
4154,16
4155,17
4156,17
4157,15
4158,16
4159,19
4160,20
4161,19
4162,18
4163,20
4164,16
4165,18
4166,18
4167,17
4168,15
4169,15
4170,17
4171,20
4172,19
4173,15
4174,16
4175,16
4176,17
4177,13
4178,20
4179,16
4180,19
4181,18
4182,15
4183,19
4184,17
4185,16
4186,17
4187,18
4188,18
4189,15
4190,13
4191,15
4192,13
4193,20
4194,19
4195,18
4196,18
4197,18
4198,15
4199,16
4200,19
4201,19
4202,17
4203,17
4204,19
4205,17
4206,17
4207,20
4208,20
4209,16
4210,20
4211,18
4212,20
4213,15
4214,18
4215,16
4216,15
4217,16
4218,19
4219,17
4220,17
4221,17
4222,12
4223,19
4224,17
4225,18
4226,18
4227,18
4228,15
4229,19
4230,19
4231,16
4232,18
4233,19
4234,17
4235,17
4236,16
4237,14
4238,19
4239,20
4240,20
4241,20
4242,17
4243,16
4244,19
4245,17
4246,17
4247,19
4248,16
4249,18
4250,17
4251,16
4252,18
4253,19
4254,18
4255,18
4256,20
4257,19
4258,18
4259,15
4260,20
4261,16
4262,14
4263,14
4264,20
4265,18
4266,19
4267,17
4268,17
4269,16
4270,20
4271,18
4272,16
4273,18
4274,18
4275,18
4276,18
4277,18
4278,18
4279,18
4280,15
4281,17
4282,19
4283,14
4284,15
4285,15
4286,20
4287,18
4288,19
4289,19
4290,19
4291,17
4292,17
4293,17
4294,20
4295,20
4296,18
4297,19
4298,17
4299,18
4300,19
4301,17
4302,17
4303,16
4304,17
4305,18
4306,18
4307,14
4308,15
4309,19
4310,17
4311,16
4312,19
4313,19
4314,18
4315,20
4316,20
4317,16
4318,18
4319,14
4320,18
4321,19
4322,15
4323,15
4324,18
4325,15
4326,19
4327,19
4328,18
4329,13
4330,20
4331,18
4332,19
4333,17
4334,19
4335,19
4336,18
4337,15
4338,20
4339,19
4340,16
4341,17
4342,16
4343,18
4344,14
4345,15
4346,19
4347,19
4348,15
4349,20
4350,17
4351,19
4352,16
4353,19
4354,18
4355,16
4356,17
4357,16
4358,17
4359,18
4360,19
4361,19
4362,16
4363,19
4364,19
4365,17
4366,17
4367,18
4368,18
4369,17
4370,19
4371,17
4372,18
4373,19
4374,18
4375,17
4376,14
4377,18
4378,18
4379,18
4380,19
4381,19
4382,19
4383,20
4384,18
4385,16
4386,19
4387,18
4388,17
4389,20
4390,17
4391,14
4392,20
4393,19
4394,18
4395,19
4396,19
4397,19
4398,19
4399,14
4400,15
4401,19
4402,17
4403,18
4404,18
4405,17
4406,16
4407,14
4408,17
4409,15
4410,17
4411,17
4412,19
4413,19
4414,17
4415,18
4416,17
4417,20
4418,15
4419,18
4420,21
4421,14
4422,17
4423,17
4424,6
4425,17
4426,18
4427,19
4428,16
4429,14
4430,15
4431,12
4432,20
4433,20
4434,20
4435,18
4436,18
4437,16
4438,17
4439,18
4440,15
4441,19
4442,15
4443,14
4444,16
4445,17
4446,16
4447,20
4448,18
4449,16
4450,19
4451,20
4452,18
4453,16
4454,15
4455,16
4456,19
4457,14
4458,15
4459,18
4460,12
4461,19
4462,19
4463,16
4464,19
4465,17
4466,15
4467,18
4468,16
4469,17
4470,18
4471,15
4472,20
4473,19
4474,18
4475,16
4476,14
4477,19
4478,14
4479,16
4480,19
4481,16
4482,17
4483,16
4484,16
4485,18
4486,16
4487,16
4488,19
4489,19
4490,15
4491,20
4492,15
4493,17
4494,18
4495,16
4496,18
4497,18
4498,17
4499,16
4500,20
4501,19
4502,16
4503,20
4504,17
4505,16
4506,19
4507,15
4508,14
4509,16
4510,17
4511,19
4512,15
4513,19
4514,17
4515,20
4516,17
4517,16
4518,19
4519,19
4520,15
4521,17
4522,19
4523,18
4524,16
4525,18
4526,16
4527,17
4528,18
4529,18
4530,18
4531,16
4532,17
4533,18
4534,15
4535,19
4536,18
4537,15
4538,16
4539,17
4540,19
4541,17
4542,19
4543,18
4544,17
4545,16
4546,15
4547,15
4548,18
4549,16
4550,18
4551,21
4552,19
4553,15
4554,20
4555,8
4556,18
4557,18
4558,16
4559,16
4560,20
4561,18
4562,17
4563,20
4564,15
4565,15
4566,17
4567,19
4568,18
4569,17
4570,17
4571,14
4572,18
4573,18
4574,15
4575,17
4576,16
4577,18
4578,19
4579,17
4580,18
4581,16
4582,19
4583,20
4584,18
4585,20
4586,18
4587,19
4588,20
4589,17
4590,21
4591,19
4592,17
4593,14
4594,18
4595,19
4596,20
4597,17
4598,19
4599,18
4600,17
4601,18
4602,18
4603,18
4604,17
4605,20
4606,20
4607,18
4608,18
4609,17
4610,20
4611,17
4612,16
4613,17
4614,18
4615,17
4616,13
4617,19
4618,15
4619,17
4620,15
4621,20
4622,18
4623,18
4624,5
4625,16
4626,18
4627,18
4628,18
4629,17
4630,17
4631,16
4632,17
4633,15
4634,15
4635,15
4636,20
4637,17
4638,17
4639,13
4640,16
4641,15
4642,17
4643,18
4644,15
4645,8
4646,21
4647,16
4648,16
4649,20
4650,20
4651,19
4652,19
4653,14
4654,18
4655,19
4656,17
4657,18
4658,18
4659,16
4660,18
4661,18
4662,18
4663,19
4664,17
4665,18
4666,18
4667,20
4668,17
4669,17
4670,18
4671,17
4672,15
4673,15
4674,16
4675,17
4676,18
4677,14
4678,17
4679,14
4680,16
4681,18
4682,18
4683,17
4684,17
4685,19
4686,16
4687,18
4688,19
4689,18
4690,18
4691,18
4692,18
4693,16
4694,18
4695,17
4696,19
4697,19
4698,16
4699,16
4700,20
4701,20
4702,16
4703,18
4704,19
4705,18
4706,18
4707,14
4708,18
4709,6
4710,20
4711,17
4712,15
4713,20
4714,17
4715,14
4716,15
4717,17
4718,17
4719,20
4720,18
4721,14
4722,19
4723,17
4724,20
4725,18
4726,17
4727,17
4728,17
4729,19
4730,15
4731,18
4732,20
4733,14
4734,20
4735,19
4736,18
4737,19
4738,17
4739,19
4740,20
4741,15
4742,20
4743,14
4744,16
4745,20
4746,19
4747,18
4748,19
4749,15
4750,17
4751,18
4752,19
4753,16
4754,21
4755,18
4756,19
4757,20
4758,19
4759,20
4760,16
4761,16
4762,18
4763,15
4764,20
4765,18
4766,20
4767,19
4768,18
4769,18
4770,19
4771,18
4772,16
4773,17
4774,18
4775,15
4776,14
4777,20
4778,19
4779,17
4780,19
4781,15
4782,18
4783,16
4784,16
4785,17
4786,19
4787,19
4788,17
4789,16
4790,19
4791,19
4792,17
4793,17
4794,16
4795,18
4796,17
4797,21
4798,19
4799,19
4800,18
4801,14
4802,18
4803,16
4804,18
4805,15
4806,15
4807,15
4808,17
4809,19
4810,14
4811,18
4812,20
4813,18
4814,16
4815,18
4816,18
4817,16
4818,18
4819,16
4820,18
4821,16
4822,15
4823,17
4824,18
4825,18
4826,17
4827,19
4828,18
4829,18
4830,17
4831,17
4832,14
4833,17
4834,17
4835,18
4836,17
4837,20
4838,18
4839,5
4840,20
4841,14
4842,18
4843,19
4844,15
4845,18
4846,16
4847,21
4848,18
4849,20
4850,19
4851,14
4852,17
4853,18
4854,19
4855,19
4856,18
4857,17
4858,17
4859,17
4860,20
4861,19
4862,20
4863,20
4864,18
4865,18
4866,19
4867,19
4868,16
4869,14
4870,16
4871,18
4872,16
4873,16
4874,19
4875,18
4876,19
4877,19
4878,18
4879,18
4880,17
4881,16
4882,17
4883,18
4884,19
4885,18
4886,18
4887,15
4888,18
4889,17
4890,19
4891,17
4892,16
4893,19
4894,15
4895,18
4896,18
4897,14
4898,20
4899,20
4900,20
4901,19
4902,16
4903,10
4904,20
4905,17
4906,14
4907,21
4908,17
4909,20
4910,18
4911,18
4912,18
4913,16
4914,19
4915,19
4916,18
4917,17
4918,20
4919,18
4920,18
4921,19
4922,19
4923,17
4924,19
4925,20
4926,14
4927,18
4928,18
4929,17
4930,18
4931,17
4932,15
4933,19
4934,16
4935,20
4936,18
4937,15
4938,19
4939,16
4940,17
4941,18
4942,15
4943,20
4944,19
4945,17
4946,17
4947,14
4948,16
4949,16
4950,19
4951,18
4952,18
4953,19
4954,18
4955,16
4956,17
4957,17
4958,16
4959,17
4960,16
4961,19
4962,18
4963,16
4964,17
4965,15
4966,17
4967,19
4968,18
4969,13
4970,15
4971,19
4972,16
4973,16
4974,19
4975,17
4976,15
4977,19
4978,17
4979,16
4980,18
4981,18
4982,19
4983,6
4984,19
4985,20
4986,14
4987,17
4988,15
4989,18
4990,16
4991,18
4992,20
4993,17
4994,19
4995,15
4996,17
4997,19
4998,17
4999,19
5000,20
5001,20
5002,19
5003,19
5004,16
5005,17
5006,19
5007,19
5008,20
5009,18
5010,15
5011,15
5012,19
5013,18
5014,19
5015,19
5016,19
5017,16
5018,18
5019,19
5020,18
5021,15
5022,18
5023,18
5024,19
5025,16
5026,19
5027,19
5028,18
5029,19
5030,18
5031,15
5032,19
5033,16
5034,16
5035,15
5036,18
5037,18
5038,20
5039,17
5040,18
5041,18
5042,18
5043,19
5044,20
5045,18
5046,17
5047,14
5048,15
5049,19
5050,14
5051,20
5052,20
5053,18
5054,19
5055,18
5056,16
5057,18
5058,17
5059,18
5060,20
5061,18
5062,17
5063,14
5064,19
5065,16
5066,16
5067,19
5068,16
5069,19
5070,18
5071,19
5072,19
5073,18
5074,16
5075,15
5076,18
5077,19
5078,17
5079,17
5080,19
5081,19
5082,18
5083,14
5084,17
5085,14
5086,17
5087,16
5088,18
5089,17
5090,16
5091,17
5092,17
5093,19
5094,19
5095,20
5096,16
5097,15
5098,17
5099,16
5100,17
5101,15
5102,11
5103,14
5104,17
5105,18
5106,16
5107,18
5108,18
5109,14
5110,19
5111,19
5112,16
5113,14
5114,18
5115,15
5116,17
5117,20
5118,18
5119,12
5120,15
5121,18
5122,18
5123,19
5124,16
5125,18
5126,18
5127,19
5128,14
5129,14
5130,18
5131,18
5132,19
5133,19
5134,19
5135,20
5136,17
5137,19
5138,15
5139,20
5140,20
5141,19
5142,20
5143,19
5144,19
5145,18
5146,15
5147,16
5148,18
5149,17
5150,21
5151,20
5152,19
5153,18
5154,18
5155,15
5156,21
5157,16
5158,14
5159,19
5160,18
5161,17
5162,19
5163,19
5164,15
5165,18
5166,19
5167,15
5168,18
5169,18
5170,17
5171,19
5172,18
5173,19
5174,19
5175,14
5176,17
5177,20
5178,20
5179,16
5180,16
5181,16
5182,17
5183,15
5184,17
5185,18
5186,17
5187,15
5188,17
5189,18
5190,20
5191,18
5192,19
5193,19
5194,19
5195,20
5196,18
5197,18
5198,19
5199,18
5200,17
5201,18
5202,16
5203,15
5204,14
5205,14
5206,17
5207,16
5208,17
5209,19
5210,18
5211,16
5212,18
5213,19
5214,13
5215,18
5216,18
5217,9
5218,16
5219,16
5220,19
5221,15
5222,18
5223,19
5224,5
5225,14
5226,19
5227,17
5228,17
5229,19
5230,18
5231,16
5232,16
5233,16
5234,19
5235,18
5236,19
5237,20
5238,16
5239,16
5240,19
5241,16
5242,16
5243,17
5244,19
5245,18
5246,19
5247,19
5248,16
5249,19
5250,20
5251,18
5252,14
5253,15
5254,15
5255,20
5256,18
5257,16
5258,17
5259,19
5260,17
5261,19
5262,16
5263,18
5264,15
5265,17
5266,18
5267,16
5268,17
5269,19
5270,19
5271,18
5272,19
5273,14
5274,18
5275,18
5276,19
5277,15
5278,17
5279,16
5280,15
5281,17
5282,18
5283,15
5284,17
5285,20
5286,19
5287,17
5288,15
5289,18
5290,18
5291,20
5292,19
5293,20
5294,15
5295,21
5296,15
5297,19
5298,19
5299,16
5300,16
5301,16
5302,19
5303,16
5304,17
5305,15
5306,19
5307,20
5308,13
5309,14
5310,19
5311,17
5312,19
5313,21
5314,19
5315,16
5316,15
5317,19
5318,18
5319,17
5320,18
5321,17
5322,16
5323,20
5324,18
5325,16
5326,18
5327,19
5328,16
5329,16
5330,20
5331,15
5332,17
5333,19
5334,18
5335,17
5336,17
5337,16
5338,18
5339,17
5340,19
5341,20
5342,19
5343,18
5344,19
5345,16
5346,19
5347,15
5348,17
5349,15
5350,15
5351,20
5352,15
5353,17
5354,19
5355,19
5356,19
5357,15
5358,18
5359,18
5360,20
5361,18
5362,16
5363,19
5364,14
5365,19
5366,19
5367,20
5368,17
5369,20
5370,19
5371,19
5372,20
5373,16
5374,20
5375,20
5376,20
5377,16
5378,16
5379,18
5380,19
5381,19
5382,19
5383,13
5384,20
5385,18
5386,18
5387,15
5388,20
5389,17
5390,17
5391,18
5392,15
5393,18
5394,18
5395,19
5396,17
5397,15
5398,16
5399,14
5400,16
5401,19
5402,18
5403,18
5404,15
5405,18
5406,15
5407,20
5408,21
5409,19
5410,16
5411,18
5412,14
5413,17
5414,20
5415,19
5416,17
5417,20
5418,16
5419,15
5420,17
5421,19
5422,20
5423,20
5424,20
5425,16
5426,16
5427,16
5428,17
5429,19
5430,20
5431,17
5432,19
5433,18
5434,19
5435,19
5436,16
5437,19
5438,16
5439,15
5440,19
5441,16
5442,20
5443,19
5444,19
5445,19
5446,18
5447,16
5448,17
5449,19
5450,17
5451,16
5452,15
5453,20
5454,19
5455,17
5456,17
5457,18
5458,17
5459,18
5460,14
5461,14
5462,15
5463,20
5464,14
5465,15
5466,18
5467,18
5468,19
5469,7
5470,20
5471,19
5472,19
5473,17
5474,18
5475,17
5476,15
5477,17
5478,19
5479,18
5480,17
5481,17
5482,18
5483,18
5484,20
5485,17
5486,19
5487,20
5488,19
5489,16
5490,16
5491,16
5492,16
5493,16
5494,14
5495,17
5496,17
5497,18
5498,16
5499,19
5500,18
5501,18
5502,17
5503,17
5504,17
5505,17
5506,20
5507,17
5508,20
5509,20
5510,17
5511,17
5512,19
5513,15
5514,18
5515,15
5516,15
5517,20
5518,16
5519,20
5520,9
5521,18
5522,14
5523,20
5524,20
5525,18
5526,18
5527,13
5528,19
5529,15
5530,20
5531,17
5532,18
5533,19
5534,20
5535,15
5536,15
5537,18
5538,16
5539,20
5540,18
5541,20
5542,16
5543,16
5544,19
5545,14
5546,17
5547,18
5548,15
5549,19
5550,19
5551,17
5552,19
5553,19
5554,18
5555,17
5556,16
5557,17
5558,21
5559,16
5560,15
5561,18
5562,19
5563,15
5564,15
5565,18
5566,16
5567,19
5568,18
5569,19
5570,18
5571,20
5572,16
5573,20
5574,18
5575,19
5576,19
5577,18
5578,19
5579,16
5580,17
5581,18
5582,18
5583,18
5584,18
5585,17
5586,15
5587,17
5588,20
5589,19
5590,15
5591,18
5592,17
5593,18
5594,16
5595,18
5596,20
5597,16
5598,14
5599,18
5600,16
5601,19
5602,19
5603,15
5604,17
5605,20
5606,19
5607,19
5608,19
5609,17
5610,18
5611,19
5612,20
5613,18
5614,18
5615,19
5616,18
5617,20
5618,19
5619,19
5620,16
5621,18
5622,19
5623,18
5624,20
5625,15
5626,17
5627,20
5628,18
5629,20
5630,18
5631,19
5632,19
5633,17
5634,18
5635,19
5636,17
5637,18
5638,19
5639,18
5640,15
5641,19
5642,17
5643,17
5644,21
5645,19
5646,18
5647,16
5648,19
5649,16
5650,19
5651,19
5652,14
5653,19
5654,19
5655,19
5656,21
5657,17
5658,19
5659,17
5660,19
5661,18
5662,21
5663,16
5664,18
5665,19
5666,18
5667,18
5668,17
5669,17
5670,20
5671,17
5672,15
5673,19
5674,18
5675,13
5676,14
5677,19
5678,19
5679,16
5680,18
5681,20
5682,17
5683,21
5684,19
5685,18
5686,14
5687,19
5688,16
5689,18
5690,17
5691,19
5692,19
5693,18
5694,19
5695,16
5696,19
5697,14
5698,15
5699,15
5700,19
5701,18
5702,18
5703,19
5704,18
5705,17
5706,15
5707,19
5708,15
5709,18
5710,17
5711,16
5712,19
5713,17
5714,18
5715,15
5716,15
5717,17
5718,16
5719,19
5720,18
5721,19
5722,15
5723,17
5724,16
5725,15
5726,19
5727,20
5728,19
5729,20
5730,16
5731,15
5732,17
5733,15
5734,18
5735,17
5736,19
5737,17
5738,19
5739,18
5740,16
5741,18
5742,19
5743,18
5744,14
5745,17
5746,16
5747,15
5748,19
5749,18
5750,19
5751,19
5752,17
5753,20
5754,18
5755,20
5756,18
5757,15
5758,13
5759,19
5760,17
5761,15
5762,18
5763,19
5764,16
5765,18
5766,19
5767,17
5768,18
5769,20
5770,17
5771,18
5772,18
5773,20
5774,19
5775,18
5776,17
5777,20
5778,20
5779,20
5780,16
5781,19
5782,19
5783,19
5784,14
5785,19
5786,17
5787,20
5788,17
5789,17
5790,19
5791,20
5792,15
5793,17
5794,19
5795,19
5796,19
5797,18
5798,14
5799,20
5800,13
5801,16
5802,16
5803,16
5804,20
5805,19
5806,17
5807,17
5808,18
5809,15
5810,13
5811,16
5812,20
5813,20
5814,16
5815,17
5816,17
5817,17
5818,18
5819,18
5820,17
5821,15
5822,13
5823,19
5824,19
5825,18
5826,16
5827,15
5828,20
5829,19
5830,18
5831,19
5832,18
5833,18
5834,19
5835,13
5836,19
5837,18
5838,15
5839,19
5840,6
5841,19
5842,17
5843,18
5844,18
5845,15
5846,17
5847,18
5848,19
5849,12
5850,18
5851,17
5852,18
5853,19
5854,18
5855,19
5856,16
5857,20
5858,15
5859,19
5860,20
5861,16
5862,18
5863,20
5864,21
5865,15
5866,17
5867,17
5868,18
5869,17
5870,14
5871,18
5872,20
5873,18
5874,16
5875,19
5876,19
5877,15
5878,19
5879,16
5880,20
5881,19
5882,20
5883,18
5884,18
5885,16
5886,17
5887,18
5888,16
5889,15
5890,18
5891,19
5892,15
5893,17
5894,19
5895,18
5896,19
5897,14
5898,19
5899,12
5900,18
5901,14
5902,19
5903,17
5904,18
5905,19
5906,19
5907,15
5908,19
5909,16
5910,16
5911,17
5912,19
5913,19
5914,19
5915,18
5916,19
5917,20
5918,19
5919,19
5920,17
5921,16
5922,16
5923,16
5924,16
5925,20
5926,15
5927,14
5928,18
5929,14
5930,19
5931,19
5932,15
5933,17
5934,16
5935,20
5936,19
5937,16
5938,17
5939,17
5940,20
5941,15
5942,19
5943,17
5944,18
5945,17
5946,16
5947,14
5948,20
5949,18
5950,20
5951,18
5952,17
5953,20
5954,18
5955,19
5956,19
5957,18
5958,19
5959,17
5960,11
5961,17
5962,17
5963,19
5964,19
5965,19
5966,18
5967,20
5968,19
5969,19
5970,17
5971,15
5972,16
5973,19
5974,16
5975,18
5976,15
5977,16
5978,20
5979,17
5980,20
5981,16
5982,20
5983,15
5984,19
5985,19
5986,15
5987,15
5988,19
5989,15
5990,20
5991,17
5992,18
5993,19
5994,15
5995,18
5996,18
5997,18
5998,20
5999,13
6000,17
6001,18
6002,16
6003,20
6004,19
6005,16
6006,17
6007,17
6008,16
6009,19
6010,19
6011,17
6012,18
6013,20
6014,18
6015,17
6016,18
6017,15
6018,18
6019,14
6020,17
6021,18
6022,15
6023,18
6024,15
6025,18
6026,20
6027,17
6028,20
6029,17
6030,20
6031,19
6032,14
6033,19
6034,17
6035,20
6036,15
6037,15
6038,14
6039,16
6040,19
6041,20
6042,14
6043,18
6044,17
6045,17
6046,15
6047,18
6048,16
6049,15
6050,15
6051,15
6052,18
6053,14
6054,17
6055,18
6056,16
6057,15
6058,17
6059,19
6060,19
6061,19
6062,17
6063,19
6064,17
6065,18
6066,19
6067,18
6068,13
6069,20
6070,20
6071,18
6072,18
6073,18
6074,14
6075,16
6076,19
6077,17
6078,19
6079,20
6080,17
6081,14
6082,16
6083,20
6084,18
6085,18
6086,15
6087,17
6088,18
6089,17
6090,20
6091,15
6092,14
6093,18
6094,18
6095,19
6096,17
6097,18
6098,17
6099,18
6100,18
6101,20
6102,19
6103,19
6104,14
6105,17
6106,15
6107,14
6108,16
6109,17
6110,20
6111,14
6112,15
6113,17
6114,19
6115,20
6116,17
6117,18
6118,18
6119,18
6120,18
6121,14
6122,19
6123,14
6124,15
6125,16
6126,18
6127,17
6128,19
6129,17
6130,14
6131,18
6132,14
6133,17
6134,18
6135,19
6136,21
6137,18
6138,17
6139,21
6140,16
6141,17
6142,17
6143,18
6144,18
6145,19
6146,16
6147,19
6148,17
6149,19
6150,20
6151,17
6152,21
6153,17
6154,14
6155,20
6156,15
6157,18
6158,20
6159,18
6160,17
6161,18
6162,16
6163,16
6164,17
6165,17
6166,18
6167,18
6168,17
6169,19
6170,16
6171,16
6172,16
6173,18
6174,19
6175,17
6176,17
6177,19
6178,16
6179,20
6180,17
6181,18
6182,20
6183,18
6184,20
6185,18
6186,17
6187,17
6188,19
6189,19
6190,19
6191,17
6192,19
6193,17
6194,13
6195,15
6196,17
6197,15
6198,19
6199,21
6200,15
6201,17
6202,20
6203,21
6204,17
6205,15
6206,19
6207,19
6208,18
6209,14
6210,13
6211,19
6212,18
6213,18
6214,19
6215,18
6216,18
6217,16
6218,15
6219,19
6220,14
6221,17
6222,16
6223,18
6224,16
6225,18
6226,18
6227,18
6228,14
6229,15
6230,17
6231,18
6232,15
6233,20
6234,18
6235,19
6236,17
6237,18
6238,18
6239,20
6240,20
6241,17
6242,15
6243,18
6244,19
6245,16
6246,15
6247,20
6248,17
6249,18
6250,18
6251,19
6252,16
6253,17
6254,20
6255,16
6256,17
6257,19
6258,16
6259,17
6260,18
6261,17
6262,17
6263,17
6264,16
6265,18
6266,18
6267,19
6268,13
6269,20
6270,19
6271,20
6272,17
6273,17
6274,20
6275,18
6276,16
6277,18
6278,14
6279,15
6280,19
6281,16
6282,20
6283,18
6284,20
6285,19
6286,17
6287,17
6288,19
6289,20
6290,14
6291,19
6292,20
6293,21
6294,17
6295,20
6296,16
6297,19
6298,16
6299,14
6300,18
6301,16
6302,17
6303,16
6304,16
6305,19
6306,17
6307,15
6308,17
6309,16
6310,19
6311,14
6312,17
6313,18
6314,19
6315,17
6316,18
6317,20
6318,19
6319,19
6320,16
6321,18
6322,18
6323,16
6324,15
6325,16
6326,15
6327,18
6328,18
6329,17
6330,17
6331,19
6332,17
6333,17
6334,16
6335,19
6336,18
6337,19
6338,14
6339,18
6340,15
6341,15
6342,19
6343,19
6344,19
6345,17
6346,20
6347,20
6348,19
6349,18
6350,17
6351,19
6352,19
6353,16
6354,15
6355,13
6356,18
6357,14
6358,15
6359,17
6360,17
6361,19
6362,18
6363,18
6364,18
6365,19
6366,18
6367,17
6368,18
6369,19
6370,19
6371,15
6372,19
6373,16
6374,16
6375,16
6376,16
6377,16
6378,14
6379,20
6380,17
6381,20
6382,19
6383,19
6384,19
6385,18
6386,20
6387,16
6388,17
6389,16
6390,18
6391,18
6392,17
6393,20
6394,19
6395,15
6396,14
6397,18
6398,19
6399,15
6400,18
6401,17
6402,19
6403,16
6404,17
6405,17
6406,17
6407,17
6408,16
6409,19
6410,16
6411,14
6412,18
6413,18
6414,20
6415,15
6416,16
6417,19
6418,19
6419,18
6420,18
6421,18
6422,14
6423,17
6424,19
6425,16
6426,16
6427,16
6428,14
6429,18
6430,20
6431,19
6432,19
6433,16
6434,16
6435,16
6436,19
6437,18
6438,18
6439,17
6440,18
6441,18
6442,15
6443,17
6444,16
6445,21
6446,20
6447,18
6448,18
6449,17
6450,14
6451,17
6452,18
6453,19
6454,18
6455,17
6456,19
6457,19
6458,16
6459,18
6460,19
6461,20
6462,20
6463,14
6464,18
6465,17
6466,18
6467,17
6468,16
6469,17
6470,16
6471,15
6472,18
6473,17
6474,17
6475,16
6476,20
6477,18
6478,17
6479,20
6480,18
6481,18
6482,14
6483,16
6484,19
6485,19
6486,15
6487,18
6488,18
6489,14
6490,16
6491,16
6492,16
6493,18
6494,19
6495,17
6496,19
6497,20
6498,18
6499,18
6500,15
6501,17
6502,20
6503,18
6504,16
6505,17
6506,8
6507,18
6508,19
6509,17
6510,17
6511,16
6512,17
6513,18
6514,16
6515,19
6516,18
6517,17
6518,19
6519,19
6520,15
6521,20
6522,18
6523,19
6524,17
6525,18
6526,19
6527,14
6528,15
6529,17
6530,19
6531,17
6532,19
6533,16
6534,20
6535,16
6536,18
6537,19
6538,18
6539,20
6540,19
6541,19
6542,16
6543,14
6544,17
6545,18
6546,21
6547,12
6548,17
6549,20
6550,18
6551,19
6552,18
6553,7
6554,18
6555,18
6556,19
6557,16
6558,19
6559,18
6560,20
6561,7
6562,19
6563,16
6564,17
6565,16
6566,18
6567,18
6568,18
6569,15
6570,18
6571,18
6572,14
6573,18
6574,18
6575,14
6576,17
6577,16
6578,19
6579,18
6580,14
6581,17
6582,7
6583,14
6584,15
6585,18
6586,18
6587,18
6588,16
6589,19
6590,20
6591,18
6592,20
6593,20
6594,19
6595,14
6596,19
6597,16
6598,18
6599,15
6600,18
6601,17
6602,21
6603,19
6604,18
6605,19
6606,15
6607,19
6608,14
6609,15
6610,15
6611,17
6612,21
6613,19
6614,20
6615,17
6616,19
6617,19
6618,19
6619,15
6620,15
6621,18
6622,19
6623,20
6624,19
6625,20
6626,19
6627,19
6628,16
6629,16
6630,16
6631,17
6632,15
6633,15
6634,16
6635,15
6636,20
6637,19
6638,5
6639,15
6640,18
6641,20
6642,19
6643,15
6644,15
6645,19
6646,17
6647,16
6648,19
6649,17
6650,18
6651,19
6652,14
6653,18
6654,19
6655,17
6656,18
6657,19
6658,15
6659,16
6660,15
6661,15
6662,18
6663,20
6664,16
6665,15
6666,17
6667,20
6668,18
6669,18
6670,17
6671,18
6672,18
6673,20
6674,20
6675,20
6676,17
6677,17
6678,17
6679,20
6680,18
6681,21
6682,19
6683,19
6684,15
6685,18
6686,19
6687,19
6688,17
6689,17
6690,20
6691,16
6692,20
6693,19
6694,19
6695,18
6696,20
6697,17
6698,17
6699,19
6700,20
6701,18
6702,18
6703,16
6704,16
6705,18
6706,18
6707,18
6708,18
6709,15
6710,19
6711,18
6712,20
6713,18
6714,15
6715,16
6716,18
6717,20
6718,17
6719,18
6720,15
6721,18
6722,16
6723,19
6724,17
6725,17
6726,19
6727,18
6728,17
6729,15
6730,17
6731,15
6732,17
6733,19
6734,18
6735,19
6736,16
6737,14
6738,15
6739,18
6740,15
6741,15
6742,18
6743,20
6744,17
6745,16
6746,19
6747,18
6748,14
6749,11
6750,15
6751,17
6752,19
6753,15
6754,20
6755,17
6756,20
6757,17
6758,17
6759,20
6760,16
6761,18
6762,15
6763,18
6764,17
6765,20
6766,14
6767,18
6768,20
6769,18
6770,18
6771,17
6772,17
6773,19
6774,20
6775,21
6776,16
6777,17
6778,19
6779,19
6780,19
6781,18
6782,20
6783,17
6784,14
6785,19
6786,14
6787,18
6788,17
6789,16
6790,16
6791,19
6792,20
6793,19
6794,17
6795,17
6796,21
6797,18
6798,16
6799,16
6800,18
6801,19
6802,18
6803,19
6804,12
6805,18
6806,16
6807,18
6808,16
6809,17
6810,19
6811,19
6812,18
6813,20
6814,16
6815,17
6816,17
6817,14
6818,12
6819,18
6820,18
6821,18
6822,16
6823,18
6824,20
6825,18
6826,17
6827,17
6828,13
6829,14
6830,19
6831,19
6832,16
6833,17
6834,17
6835,20
6836,18
6837,19
6838,16
6839,15
6840,17
6841,16
6842,16
6843,18
6844,16
6845,18
6846,18
6847,14
6848,17
6849,16
6850,18
6851,20
6852,18
6853,18
6854,17
6855,16
6856,7
6857,16
6858,16
6859,18
6860,17
6861,18
6862,17
6863,20
6864,16
6865,15
6866,19
6867,18
6868,21
6869,18
6870,16
6871,18
6872,15
6873,15
6874,19
6875,17
6876,17
6877,16
6878,15
6879,18
6880,13
6881,14
6882,19
6883,19
6884,19
6885,15
6886,15
6887,18
6888,19
6889,16
6890,19
6891,19
6892,19
6893,19
6894,17
6895,17
6896,16
6897,17
6898,17
6899,16
6900,19
6901,19
6902,15
6903,17
6904,20
6905,19
6906,19
6907,18
6908,18
6909,16
6910,16
6911,18
6912,18
6913,20
6914,20
6915,16
6916,17
6917,21
6918,19
6919,15
6920,19
6921,20
6922,18
6923,17
6924,13
6925,16
6926,18
6927,17
6928,19
6929,19
6930,19
6931,16
6932,17
6933,16
6934,19
6935,17
6936,18
6937,19
6938,16
6939,18
6940,18
6941,19
6942,19
6943,17
6944,19
6945,15
6946,19
6947,16
6948,18
6949,19
6950,20
6951,14
6952,16
6953,18
6954,16
6955,19
6956,18
6957,17
6958,14
6959,15
6960,18
6961,17
6962,20
6963,16
6964,18
6965,16
6966,18
6967,19
6968,15
6969,15
6970,18
6971,19
6972,14
6973,18
6974,19
6975,19
6976,16
6977,16
6978,17
6979,18
6980,18
6981,15
6982,18
6983,16
6984,19
6985,20
6986,18
6987,15
6988,19
6989,15
6990,19
6991,16
6992,17
6993,15
6994,15
6995,18
6996,19
6997,14
6998,17
6999,20
7000,16
7001,18
7002,16
7003,18
7004,17
7005,16
7006,15
7007,19
7008,19
7009,17
7010,17
7011,15
7012,16
7013,16
7014,12
7015,20
7016,20
7017,15
7018,17
7019,19
7020,19
7021,18
7022,17
7023,19
7024,17
7025,16
7026,20
7027,18
7028,16
7029,18
7030,18
7031,19
7032,16
7033,17
7034,15
7035,17
7036,17
7037,18
7038,16
7039,19
7040,16
7041,19
7042,18
7043,17
7044,17
7045,17
7046,20
7047,19
7048,18
7049,19
7050,14
7051,17
7052,19
7053,15
7054,19
7055,19
7056,20
7057,17
7058,17
7059,17
7060,17
7061,17
7062,17
7063,16
7064,20
7065,18
7066,16
7067,15
7068,18
7069,16
7070,20
7071,20
7072,15
7073,18
7074,16
7075,19
7076,19
7077,18
7078,19
7079,8
7080,15
7081,17
7082,16
7083,15
7084,17
7085,16
7086,13
7087,19
7088,19
7089,15
7090,15
7091,18
7092,20
7093,19
7094,18
7095,17
7096,17
7097,20
7098,18
7099,19
7100,16
7101,18
7102,15
7103,16
7104,16
7105,19
7106,18
7107,19
7108,18
7109,18
7110,16
7111,17
7112,20
7113,19
7114,16
7115,19
7116,18
7117,14
7118,18
7119,18
7120,14
7121,18
7122,15
7123,15
7124,20
7125,18
7126,20
7127,19
7128,16
7129,17
7130,17
7131,18
7132,19
7133,20
7134,19
7135,20
7136,18
7137,18
7138,17
7139,15
7140,20
7141,15
7142,18
7143,18
7144,15
7145,19
7146,15
7147,19
7148,18
7149,18
7150,7
7151,18
7152,19
7153,19
7154,18
7155,18
7156,17
7157,20
7158,15
7159,14
7160,16
7161,18
7162,20
7163,16
7164,17
7165,18
7166,16
7167,15
7168,18
7169,18
7170,18
7171,17
7172,18
7173,16
7174,16
7175,15
7176,17
7177,19
7178,19
7179,20
7180,15
7181,18
7182,19
7183,15
7184,21
7185,18
7186,18
7187,18
7188,19
7189,18
7190,18
7191,14
7192,18
7193,19
7194,21
7195,18
7196,16
7197,18
7198,18
7199,19
7200,19
7201,17
7202,17
7203,15
7204,19
7205,19
7206,20
7207,21
7208,17
7209,15
7210,15
7211,15
7212,18
7213,18
7214,18
7215,20
7216,20
7217,16
7218,18
7219,18
7220,19
7221,18
7222,19
7223,18
7224,18
7225,8
7226,17
7227,18
7228,17
7229,17
7230,14
7231,18
7232,20
7233,19
7234,20
7235,19
7236,19
7237,17
7238,17
7239,21
7240,19
7241,20
7242,19
7243,17
7244,18
7245,15
7246,14
7247,19
7248,19
7249,15
7250,15
7251,18
7252,18
7253,18
7254,16
7255,17
7256,19
7257,17
7258,19
7259,17
7260,15
7261,20
7262,14
7263,19
7264,18
7265,17
7266,19
7267,16
7268,18
7269,20
7270,20
7271,15
7272,18
7273,16
7274,18
7275,17
7276,17
7277,20
7278,20
7279,20
7280,19
7281,18
7282,19
7283,20
7284,16
7285,19
7286,20
7287,15
7288,18
7289,19
7290,16
7291,18
7292,15
7293,16
7294,16
7295,19
7296,14
7297,18
7298,16
7299,17
7300,17
7301,18
7302,16
7303,14
7304,18
7305,17
7306,20
7307,16
7308,15
7309,17
7310,18
7311,19
7312,20
7313,20
7314,15
7315,17
7316,18
7317,17
7318,19
7319,16
7320,19
7321,14
7322,17
7323,18
7324,16
7325,20
7326,20
7327,18
7328,18
7329,20
7330,20
7331,19
7332,19
7333,20
7334,18
7335,19
7336,18
7337,18
7338,19
7339,19
7340,17
7341,14
7342,19
7343,16
7344,15
7345,18
7346,16
7347,16
7348,17
7349,19
7350,17
7351,19
7352,14
7353,18
7354,14
7355,19
7356,19
7357,15
7358,17
7359,19
7360,18
7361,14
7362,20
7363,21
7364,16
7365,19
7366,18
7367,17
7368,19
7369,18
7370,19
7371,15
7372,18
7373,20
7374,18
7375,18
7376,16
7377,18
7378,17
7379,19
7380,18
7381,18
7382,15
7383,14
7384,18
7385,18
7386,18
7387,16
7388,18
7389,14
7390,15
7391,18
7392,16
7393,21
7394,19
7395,19
7396,18
7397,16
7398,17
